Workbook

Sheet Campaign Data
A1: Campaign Data (simulated)
A2: SIMULATED DATA - fictional brand and figures created for a portfolio project; not real company results. One row per campaign per week (Date = Monday of the week). Currency: INR. For Email Marketing, Impressions = emails delivered.
A4: Date | B4: Campaign Name | C4: Marketing Channel | D4: Impressions | E4: Clicks | F4: Marketing Spend | G4: Leads | H4: Conversions | I4: Attributed Revenue
A5: 46167 | B5: Brand Search | C5: Paid Search | D5: 39741 | E5: 2561 | F5: 41569 | G5: 353 | H5: 114 | I5: 357418
A6: 46167 | B6: Generic Kitchen Search | C6: Paid Search | D6: 86716 | E6: 2874 | F6: 78284 | G6: 287 | H6: 63 | I6: 263872
A7: 46167 | B7: Instagram Reels Sale | C7: Paid Social | D7: 406794 | E7: 4960 | F7: 59234 | G7: 230 | H7: 25 | I7: 75459
A8: 46167 | B8: Cart Retargeting | C8: Paid Social | D8: 110242 | E8: 2424 | F8: 34719 | G8: 360 | H8: 55 | I8: 166086
A9: 46167 | B9: Welcome Series | C9: Email Marketing | D9: 27391 | E9: 912 | F9: 5839 | G9: 169 | H9: 27 | I9: 72251
A10: 46167 | B10: Programmatic Banners | C10: Display Advertising | D10: 1850401 | E10: 6873 | F10: 82934 | G10: 182 | H10: 22 | I10: 72604
A11: 46174 | B11: Brand Search | C11: Paid Search | D11: 36616 | E11: 2688 | F11: 43792 | G11: 315 | H11: 103 | I11: 341692
A12: 46174 | B12: Generic Kitchen Search | C12: Paid Search | D12: 67711 | E12: 2317 | F12: 71502 | G12: 188 | H12: 29 | I12: 102023
A13: 46174 | B13: Instagram Reels Sale | C13: Paid Social | D13: 542305 | E13: 6128 | F13: 70925 | G13: 302 | H13: 38 | I13: 109748
A14: 46174 | B14: Cart Retargeting | C14: Paid Social | D14: 119690 | E14: 2790 | F14: 34954 | G14: 439 | H14: 72 | I14: 241351
A15: 46174 | B15: Welcome Series | C15: Email Marketing | D15: 17171 | E15: 762 | F15: 5349 | G15: 160 | H15: 19 | I15: 53541
A16: 46174 | B16: Programmatic Banners | C16: Display Advertising | D16: 2354392 | E16: 8448 | F16: 97968 | G16: 238 | H16: 24 | I16: 80351
... A164: 46300 | B164: Festive Display Takeover | C164: Display Advertising | D164: 1789475 | E164: 10261 | F164: 150544 | G164: 445 | H164: 64 | I164: 249613

Sheet Analysis
B1: Analysis
B2: Calculation layer for the Executive Dashboard. Rows labelled 'Current selection' and the channel / campaign tables respond to the two dashboard dropdowns. Data is simulated.
B4: 1. Filter selection (read from the Executive Dashboard)
B5: Filter | C5: Selected | D5: SUMIFS criterion | F5: Data period
B6: Marketing Channel | C6: ='Executive Dashboard'!D5 -> All | D6: =IF(C6="All","*",C6) -> * | F6: First week starts | H6: =MIN(tblCampaignData[Date]) -> 46167
B7: Campaign Name | C7: ='Executive Dashboard'!I5 -> All | D7: =IF(C7="All","*",C7) -> * | F7: Last week ends | H7: =MAX(tblCampaignData[Date])+6 -> 46306
B9: 2. Key metrics
B10: Scope | D10: Impressions | E10: Clicks | F10: Marketing Spend | G10: Leads | H10: Conversions | I10: Attributed Revenue | J10: CTR | K10: CPL | L10: CPA | M10: ROAS
B11: All data | D11: =SUM(tblCampaignData[Impressions]) -> 75988603 | E11: =SUM(tblCampaignData[Clicks]) -> 603840 | F11: =SUM(tblCampaignData[Marketing Spend]) -> 8731979 | G11: =SUM(tblCampaignData[Leads]) -> 42871 | H11: =SUM(tblCampaignData[Conversions]) -> 7690 | I11: =SUM(tblCampaignData[Attributed Revenue]) -> 27227675 | J11: =IFERROR(E11/D11,0) -> 0.0079464548 | K11: =IFERROR(F11/G11,0) -> 203.68032 | L11: =IFERROR(F11/H11,0) -> 1135.4979 | M11: =IFERROR(I11/F11,0) -> 3.1181563
B12: Current selection | D12: =SUMIFS(tblCampaignData[Impressions],tblCampaignData[Marketing Channel],$D$6,tblCampaignData[Campaign Name],$D$7) -> 75988603 | E12: =SUMIFS(tblCampaignData[Clicks],tblCampaignData[Marketing Channel],$D$6,tblCampaignData[Campaign Name],$D$7) -> 603840 | F12: =SUMIFS(tblCampaignData[Marketing Spend],tblCampaignData[Marketing Channel],$D$6,tblCampaignData[Campaign Name],$D$7) -> 8731979 | G12: =SUMIFS(tblCampaignData[Leads],tblCampaignData[Marketing Channel],$D$6,tblCampaignData[Campaign Name],$D$7) -> 42871 | H12: =SUMIFS(tblCampaignData[Conversions],tblCampaignData[Marketing Channel],$D$6,tblCampaignData[Campaign Name],$D$7) -> 7690 | I12: =SUMIFS(tblCampaignData[Attributed Revenue],tblCampaignData[Marketing Channel],$D$6,tblCampaignData[Campaign Name],$D$7) -> 27227675 | J12: =IFERROR(E12/D12,0) -> 0.0079464548 | K12: =IFERROR(F12/G12,0) -> 203.68032 | L12: =IFERROR(F12/H12,0) -> 1135.4979 | M12: =IFERROR(I12/F12,0) -> 3.1181563
B14: 3. Channel summary - current selection (feeds charts 1 and 2)
B15: Marketing Channel | D15: Impressions | E15: Clicks | F15: Marketing Spend | G15: Leads | H15: Conversions | I15: Attributed Revenue | J15: CTR | K15: CPL | L15: CPA | M15: ROAS
B16: All | D16: =SUM(D17:D20) -> 75988603 | E16: =SUM(E17:E20) -> 603840 | F16: =SUM(F17:F20) -> 8731979 | G16: =SUM(G17:G20) -> 42871 | H16: =SUM(H17:H20) -> 7690 | I16: =SUM(I17:I20) -> 27227675 | J16: =IFERROR(E16/D16,0) -> 0.0079464548 | K16: =IFERROR(F16/G16,0) -> 203.68032 | L16: =IFERROR(F16/H16,0) -> 1135.4979 | M16: =IFERROR(I16/F16,0) -> 3.1181563
B17: Paid Search | D17: =SUMIFS(tblCampaignData[Impressions],tblCampaignData[Marketing Channel],$B17,tblCampaignData[Marketing Channel],$D$6,tblCampaignData[Campaign Name],$D$7) -> 3006176 | E17: =SUMIFS(tblCampaignData[Clicks],tblCampaignData[Marketing Channel],$B17,tblCampaignData[Marketing Channel],$D$6,tblCampaignData[Campaign Name],$D$7) -> 144438 | F17: =SUMIFS(tblCampaignData[Marketing Spend],tblCampaignData[Marketing Channel],$B17,tblCampaignData[Marketing Channel],$D$6,tblCampaignData[Campaign Name],$D$7) -> 3162266 | G17: =SUMIFS(tblCampaignData[Leads],tblCampaignData[Marketing Channel],$B17,tblCampaignData[Marketing Channel],$D$6,tblCampaignData[Campaign Name],$D$7) -> 15586 | H17: =SUMIFS(tblCampaignData[Conversions],tblCampaignData[Marketing Channel],$B17,tblCampaignData[Marketing Channel],$D$6,tblCampaignData[Campaign Name],$D$7) -> 3924 | I17: =SUMIFS(tblCampaignData[Attributed Revenue],tblCampaignData[Marketing Channel],$B17,tblCampaignData[Marketing Channel],$D$6,tblCampaignData[Campaign Name],$D$7) -> 14669291 | J17: =IFERROR(E17/D17,0) -> 0.048047087 | K17: =IFERROR(F17/G17,0) -> 202.89144 | L17: =IFERROR(F17/H17,0) -> 805.87819 | M17: =IFERROR(I17/F17,0) -> 4.6388542
B18: Paid Social | D18: =SUMIFS(tblCampaignData[Impressions],tblCampaignData[Marketing Channel],$B18,tblCampaignData[Marketing Channel],$D$6,tblCampaignData[Campaign Name],$D$7) -> 11886616 | E18: =SUMIFS(tblCampaignData[Clicks],tblCampaignData[Marketing Channel],$B18,tblCampaignData[Marketing Channel],$D$6,tblCampaignData[Campaign Name],$D$7) -> 162851 | F18: =SUMIFS(tblCampaignData[Marketing Spend],tblCampaignData[Marketing Channel],$B18,tblCampaignData[Marketing Channel],$D$6,tblCampaignData[Campaign Name],$D$7) -> 2071600 | G18: =SUMIFS(tblCampaignData[Leads],tblCampaignData[Marketing Channel],$B18,tblCampaignData[Marketing Channel],$D$6,tblCampaignData[Campaign Name],$D$7) -> 13392 | H18: =SUMIFS(tblCampaignData[Conversions],tblCampaignData[Marketing Channel],$B18,tblCampaignData[Marketing Channel],$D$6,tblCampaignData[Campaign Name],$D$7) -> 1878 | I18: =SUMIFS(tblCampaignData[Attributed Revenue],tblCampaignData[Marketing Channel],$B18,tblCampaignData[Marketing Channel],$D$6,tblCampaignData[Campaign Name],$D$7) -> 6046722 | J18: =IFERROR(E18/D18,0) -> 0.013700367 | K18: =IFERROR(F18/G18,0) -> 154.68937 | L18: =IFERROR(F18/H18,0) -> 1103.0884 | M18: =IFERROR(I18/F18,0) -> 2.9188656
B19: Email Marketing | D19: =SUMIFS(tblCampaignData[Impressions],tblCampaignData[Marketing Channel],$B19,tblCampaignData[Marketing Channel],$D$6,tblCampaignData[Campaign Name],$D$7) -> 829251 | E19: =SUMIFS(tblCampaignData[Clicks],tblCampaignData[Marketing Channel],$B19,tblCampaignData[Marketing Channel],$D$6,tblCampaignData[Campaign Name],$D$7) -> 27075 | F19: =SUMIFS(tblCampaignData[Marketing Spend],tblCampaignData[Marketing Channel],$B19,tblCampaignData[Marketing Channel],$D$6,tblCampaignData[Campaign Name],$D$7) -> 199181 | G19: =SUMIFS(tblCampaignData[Leads],tblCampaignData[Marketing Channel],$B19,tblCampaignData[Marketing Channel],$D$6,tblCampaignData[Campaign Name],$D$7) -> 4585 | H19: =SUMIFS(tblCampaignData[Conversions],tblCampaignData[Marketing Channel],$B19,tblCampaignData[Marketing Channel],$D$6,tblCampaignData[Campaign Name],$D$7) -> 769 | I19: =SUMIFS(tblCampaignData[Attributed Revenue],tblCampaignData[Marketing Channel],$B19,tblCampaignData[Marketing Channel],$D$6,tblCampaignData[Campaign Name],$D$7) -> 2237123 | J19: =IFERROR(E19/D19,0) -> 0.032649946 | K19: =IFERROR(F19/G19,0) -> 43.441876 | L19: =IFERROR(F19/H19,0) -> 259.013 | M19: =IFERROR(I19/F19,0) -> 11.231608
B20: Display Advertising | D20: =SUMIFS(tblCampaignData[Impressions],tblCampaignData[Marketing Channel],$B20,tblCampaignData[Marketing Channel],$D$6,tblCampaignData[Campaign Name],$D$7) -> 60266560 | E20: =SUMIFS(tblCampaignData[Clicks],tblCampaignData[Marketing Channel],$B20,tblCampaignData[Marketing Channel],$D$6,tblCampaignData[Campaign Name],$D$7) -> 269476 | F20: =SUMIFS(tblCampaignData[Marketing Spend],tblCampaignData[Marketing Channel],$B20,tblCampaignData[Marketing Channel],$D$6,tblCampaignData[Campaign Name],$D$7) -> 3298932 | G20: =SUMIFS(tblCampaignData[Leads],tblCampaignData[Marketing Channel],$B20,tblCampaignData[Marketing Channel],$D$6,tblCampaignData[Campaign Name],$D$7) -> 9308 | H20: =SUMIFS(tblCampaignData[Conversions],tblCampaignData[Marketing Channel],$B20,tblCampaignData[Marketing Channel],$D$6,tblCampaignData[Campaign Name],$D$7) -> 1119 | I20: =SUMIFS(tblCampaignData[Attributed Revenue],tblCampaignData[Marketing Channel],$B20,tblCampaignData[Marketing Channel],$D$6,tblCampaignData[Campaign Name],$D$7) -> 4274539 | J20: =IFERROR(E20/D20,0) -> 0.0044714017 | K20: =IFERROR(F20/G20,0) -> 354.41899 | L20: =IFERROR(F20/H20,0) -> 2948.1072 | M20: =IFERROR(I20/F20,0) -> 1.2957342
B22: 4. Campaign summary - current selection
B23: Campaign Name | C23: Marketing Channel | D23: Impressions | E23: Clicks | F23: Marketing Spend | G23: Leads | H23: Conversions | I23: Attributed Revenue | J23: CTR | K23: CPL | L23: CPA | M23: ROAS | N23: ROAS rank
B24: All | D24: =SUM(D25:D33) -> 75988603 | E24: =SUM(E25:E33) -> 603840 | F24: =SUM(F25:F33) -> 8731979 | G24: =SUM(G25:G33) -> 42871 | H24: =SUM(H25:H33) -> 7690 | I24: =SUM(I25:I33) -> 27227675 | J24: =IFERROR(E24/D24,0) -> 0.0079464548 | K24: =IFERROR(F24/G24,0) -> 203.68032 | L24: =IFERROR(F24/H24,0) -> 1135.4979 | M24: =IFERROR(I24/F24,0) -> 3.1181563
B25: Brand Search | C25: =INDEX(tblCampaignData[Marketing Channel],MATCH($B25,tblCampaignData[Campaign Name],0)) -> Paid Search | D25: =SUMIFS(tblCampaignData[Impressions],tblCampaignData[Campaign Name],$B25,tblCampaignData[Campaign Name],$D$7,tblCampaignData[Marketing Channel],$D$6) -> 797249 | E25: =SUMIFS(tblCampaignData[Clicks],tblCampaignData[Campaign Name],$B25,tblCampaignData[Campaign Name],$D$7,tblCampaignData[Marketing Channel],$D$6) -> 58898 | F25: =SUMIFS(tblCampaignData[Marketing Spend],tblCampaignData[Campaign Name],$B25,tblCampaignData[Campaign Name],$D$7,tblCampaignData[Marketing Channel],$D$6) -> 953278 | G25: =SUMIFS(tblCampaignData[Leads],tblCampaignData[Campaign Name],$B25,tblCampaignData[Campaign Name],$D$7,tblCampaignData[Marketing Channel],$D$6) -> 7109 | H25: =SUMIFS(tblCampaignData[Conversions],tblCampaignData[Campaign Name],$B25,tblCampaignData[Campaign Name],$D$7,tblCampaignData[Marketing Channel],$D$6) -> 2110 | I25: =SUMIFS(tblCampaignData[Attributed Revenue],tblCampaignData[Campaign Name],$B25,tblCampaignData[Campaign Name],$D$7,tblCampaignData[Marketing Channel],$D$6) -> 6846070 | J25: =IFERROR(E25/D25,0) -> 0.073876543 | K25: =IFERROR(F25/G25,0) -> 134.09453 | L25: =IFERROR(F25/H25,0) -> 451.79052 | M25: =IFERROR(I25/F25,0) -> 7.1816091 | N25: =IF(F25>0,SUMPRODUCT(($F$25:$F$33>0)*($M$25:$M$33>M25))+SUMPRODUCT(($F$25:F25>0)*($M$25:M25=M25)),"") -> 3
B26: Generic Kitchen Search | C26: =INDEX(tblCampaignData[Marketing Channel],MATCH($B26,tblCampaignData[Campaign Name],0)) -> Paid Search | D26: =SUMIFS(tblCampaignData[Impressions],tblCampaignData[Campaign Name],$B26,tblCampaignData[Campaign Name],$D$7,tblCampaignData[Marketing Channel],$D$6) -> 1449278 | E26: =SUMIFS(tblCampaignData[Clicks],tblCampaignData[Campaign Name],$B26,tblCampaignData[Campaign Name],$D$7,tblCampaignData[Marketing Channel],$D$6) -> 51204 | F26: =SUMIFS(tblCampaignData[Marketing Spend],tblCampaignData[Campaign Name],$B26,tblCampaignData[Campaign Name],$D$7,tblCampaignData[Marketing Channel],$D$6) -> 1406754 | G26: =SUMIFS(tblCampaignData[Leads],tblCampaignData[Campaign Name],$B26,tblCampaignData[Campaign Name],$D$7,tblCampaignData[Marketing Channel],$D$6) -> 4642 | H26: =SUMIFS(tblCampaignData[Conversions],tblCampaignData[Campaign Name],$B26,tblCampaignData[Campaign Name],$D$7,tblCampaignData[Marketing Channel],$D$6) -> 949 | I26: =SUMIFS(tblCampaignData[Attributed Revenue],tblCampaignData[Campaign Name],$B26,tblCampaignData[Campaign Name],$D$7,tblCampaignData[Marketing Channel],$D$6) -> 3815886 | J26: =IFERROR(E26/D26,0) -> 0.035330696 | K26: =IFERROR(F26/G26,0) -> 303.04912 | L26: =IFERROR(F26/H26,0) -> 1482.3541 | M26: =IFERROR(I26/F26,0) -> 2.7125468 | N26: =IF(F26>0,SUMPRODUCT(($F$25:$F$33>0)*($M$25:$M$33>M26))+SUMPRODUCT(($F$25:F26>0)*($M$25:M26=M26)),"") -> 6
B27: Festive Gifting Search | C27: =INDEX(tblCampaignData[Marketing Channel],MATCH($B27,tblCampaignData[Campaign Name],0)) -> Paid Search | D27: =SUMIFS(tblCampaignData[Impressions],tblCampaignData[Campaign Name],$B27,tblCampaignData[Campaign Name],$D$7,tblCampaignData[Marketing Channel],$D$6) -> 759649 | E27: =SUMIFS(tblCampaignData[Clicks],tblCampaignData[Campaign Name],$B27,tblCampaignData[Campaign Name],$D$7,tblCampaignData[Marketing Channel],$D$6) -> 34336 | F27: =SUMIFS(tblCampaignData[Marketing Spend],tblCampaignData[Campaign Name],$B27,tblCampaignData[Campaign Name],$D$7,tblCampaignData[Marketing Channel],$D$6) -> 802234 | G27: =SUMIFS(tblCampaignData[Leads],tblCampaignData[Campaign Name],$B27,tblCampaignData[Campaign Name],$D$7,tblCampaignData[Marketing Channel],$D$6) -> 3835 | H27: =SUMIFS(tblCampaignData[Conversions],tblCampaignData[Campaign Name],$B27,tblCampaignData[Campaign Name],$D$7,tblCampaignData[Marketing Channel],$D$6) -> 865 | I27: =SUMIFS(tblCampaignData[Attributed Revenue],tblCampaignData[Campaign Name],$B27,tblCampaignData[Campaign Name],$D$7,tblCampaignData[Marketing Channel],$D$6) -> 4007335 | J27: =IFERROR(E27/D27,0) -> 0.045199823 | K27: =IFERROR(F27/G27,0) -> 209.18748 | L27: =IFERROR(F27/H27,0) -> 927.43815 | M27: =IFERROR(I27/F27,0) -> 4.9952196 | N27: =IF(F27>0,SUMPRODUCT(($F$25:$F$33>0)*($M$25:$M$33>M27))+SUMPRODUCT(($F$25:F27>0)*($M$25:M27=M27)),"") -> 5
B28: Instagram Reels Sale | C28: =INDEX(tblCampaignData[Marketing Channel],MATCH($B28,tblCampaignData[Campaign Name],0)) -> Paid Social | D28: =SUMIFS(tblCampaignData[Impressions],tblCampaignData[Campaign Name],$B28,tblCampaignData[Campaign Name],$D$7,tblCampaignData[Marketing Channel],$D$6) -> 9281561 | E28: =SUMIFS(tblCampaignData[Clicks],tblCampaignData[Campaign Name],$B28,tblCampaignData[Campaign Name],$D$7,tblCampaignData[Marketing Channel],$D$6) -> 109477 | F28: =SUMIFS(tblCampaignData[Marketing Spend],tblCampaignData[Campaign Name],$B28,tblCampaignData[Campaign Name],$D$7,tblCampaignData[Marketing Channel],$D$6) -> 1316786 | G28: =SUMIFS(tblCampaignData[Leads],tblCampaignData[Campaign Name],$B28,tblCampaignData[Campaign Name],$D$7,tblCampaignData[Marketing Channel],$D$6) -> 5483 | H28: =SUMIFS(tblCampaignData[Conversions],tblCampaignData[Campaign Name],$B28,tblCampaignData[Campaign Name],$D$7,tblCampaignData[Marketing Channel],$D$6) -> 683 | I28: =SUMIFS(tblCampaignData[Attributed Revenue],tblCampaignData[Campaign Name],$B28,tblCampaignData[Campaign Name],$D$7,tblCampaignData[Marketing Channel],$D$6) -> 2078003 | J28: =IFERROR(E28/D28,0) -> 0.011795106 | K28: =IFERROR(F28/G28,0) -> 240.15794 | L28: =IFERROR(F28/H28,0) -> 1927.9444 | M28: =IFERROR(I28/F28,0) -> 1.5780871 | N28: =IF(F28>0,SUMPRODUCT(($F$25:$F$33>0)*($M$25:$M$33>M28))+SUMPRODUCT(($F$25:F28>0)*($M$25:M28=M28)),"") -> 8
B29: Cart Retargeting | C29: =INDEX(tblCampaignData[Marketing Channel],MATCH($B29,tblCampaignData[Campaign Name],0)) -> Paid Social | D29: =SUMIFS(tblCampaignData[Impressions],tblCampaignData[Campaign Name],$B29,tblCampaignData[Campaign Name],$D$7,tblCampaignData[Marketing Channel],$D$6) -> 2605055 | E29: =SUMIFS(tblCampaignData[Clicks],tblCampaignData[Campaign Name],$B29,tblCampaignData[Campaign Name],$D$7,tblCampaignData[Marketing Channel],$D$6) -> 53374 | F29: =SUMIFS(tblCampaignData[Marketing Spend],tblCampaignData[Campaign Name],$B29,tblCampaignData[Campaign Name],$D$7,tblCampaignData[Marketing Channel],$D$6) -> 754814 | G29: =SUMIFS(tblCampaignData[Leads],tblCampaignData[Campaign Name],$B29,tblCampaignData[Campaign Name],$D$7,tblCampaignData[Marketing Channel],$D$6) -> 7909 | H29: =SUMIFS(tblCampaignData[Conversions],tblCampaignData[Campaign Name],$B29,tblCampaignData[Campaign Name],$D$7,tblCampaignData[Marketing Channel],$D$6) -> 1195 | I29: =SUMIFS(tblCampaignData[Attributed Revenue],tblCampaignData[Campaign Name],$B29,tblCampaignData[Campaign Name],$D$7,tblCampaignData[Marketing Channel],$D$6) -> 3968719 | J29: =IFERROR(E29/D29,0) -> 0.020488627 | K29: =IFERROR(F29/G29,0) -> 95.43735 | L29: =IFERROR(F29/H29,0) -> 631.64351 | M29: =IFERROR(I29/F29,0) -> 5.2578768 | N29: =IF(F29>0,SUMPRODUCT(($F$25:$F$33>0)*($M$25:$M$33>M29))+SUMPRODUCT(($F$25:F29>0)*($M$25:M29=M29)),"") -> 4
B30: Welcome Series | C30: =INDEX(tblCampaignData[Marketing Channel],MATCH($B30,tblCampaignData[Campaign Name],0)) -> Email Marketing | D30: =SUMIFS(tblCampaignData[Impressions],tblCampaignData[Campaign Name],$B30,tblCampaignData[Campaign Name],$D$7,tblCampaignData[Marketing Channel],$D$6) -> 475715 | E30: =SUMIFS(tblCampaignData[Clicks],tblCampaignData[Campaign Name],$B30,tblCampaignData[Campaign Name],$D$7,tblCampaignData[Marketing Channel],$D$6) -> 16883 | F30: =SUMIFS(tblCampaignData[Marketing Spend],tblCampaignData[Campaign Name],$B30,tblCampaignData[Campaign Name],$D$7,tblCampaignData[Marketing Channel],$D$6) -> 117415 | G30: =SUMIFS(tblCampaignData[Leads],tblCampaignData[Campaign Name],$B30,tblCampaignData[Campaign Name],$D$7,tblCampaignData[Marketing Channel],$D$6) -> 3374 | H30: =SUMIFS(tblCampaignData[Conversions],tblCampaignData[Campaign Name],$B30,tblCampaignData[Campaign Name],$D$7,tblCampaignData[Marketing Channel],$D$6) -> 519 | I30: =SUMIFS(tblCampaignData[Attributed Revenue],tblCampaignData[Campaign Name],$B30,tblCampaignData[Campaign Name],$D$7,tblCampaignData[Marketing Channel],$D$6) -> 1444345 | J30: =IFERROR(E30/D30,0) -> 0.035489737 | K30: =IFERROR(F30/G30,0) -> 34.799941 | L30: =IFERROR(F30/H30,0) -> 226.23314 | M30: =IFERROR(I30/F30,0) -> 12.301197 | N30: =IF(F30>0,SUMPRODUCT(($F$25:$F$33>0)*($M$25:$M$33>M30))+SUMPRODUCT(($F$25:F30>0)*($M$25:M30=M30)),"") -> 1
B31: Win-back Offer | C31: =INDEX(tblCampaignData[Marketing Channel],MATCH($B31,tblCampaignData[Campaign Name],0)) -> Email Marketing | D31: =SUMIFS(tblCampaignData[Impressions],tblCampaignData[Campaign Name],$B31,tblCampaignData[Campaign Name],$D$7,tblCampaignData[Marketing Channel],$D$6) -> 353536 | E31: =SUMIFS(tblCampaignData[Clicks],tblCampaignData[Campaign Name],$B31,tblCampaignData[Campaign Name],$D$7,tblCampaignData[Marketing Channel],$D$6) -> 10192 | F31: =SUMIFS(tblCampaignData[Marketing Spend],tblCampaignData[Campaign Name],$B31,tblCampaignData[Campaign Name],$D$7,tblCampaignData[Marketing Channel],$D$6) -> 81766 | G31: =SUMIFS(tblCampaignData[Leads],tblCampaignData[Campaign Name],$B31,tblCampaignData[Campaign Name],$D$7,tblCampaignData[Marketing Channel],$D$6) -> 1211 | H31: =SUMIFS(tblCampaignData[Conversions],tblCampaignData[Campaign Name],$B31,tblCampaignData[Campaign Name],$D$7,tblCampaignData[Marketing Channel],$D$6) -> 250 | I31: =SUMIFS(tblCampaignData[Attributed Revenue],tblCampaignData[Campaign Name],$B31,tblCampaignData[Campaign Name],$D$7,tblCampaignData[Marketing Channel],$D$6) -> 792778 | J31: =IFERROR(E31/D31,0) -> 0.028828747 | K31: =IFERROR(F31/G31,0) -> 67.519405 | L31: =IFERROR(F31/H31,0) -> 327.064 | M31: =IFERROR(I31/F31,0) -> 9.6956926 | N31: =IF(F31>0,SUMPRODUCT(($F$25:$F$33>0)*($M$25:$M$33>M31))+SUMPRODUCT(($F$25:F31>0)*($M$25:M31=M31)),"") -> 2
B32: Programmatic Banners | C32: =INDEX(tblCampaignData[Marketing Channel],MATCH($B32,tblCampaignData[Campaign Name],0)) -> Display Advertising | D32: =SUMIFS(tblCampaignData[Impressions],tblCampaignData[Campaign Name],$B32,tblCampaignData[Campaign Name],$D$7,tblCampaignData[Marketing Channel],$D$6) -> 41075881 | E32: =SUMIFS(tblCampaignData[Clicks],tblCampaignData[Campaign Name],$B32,tblCampaignData[Campaign Name],$D$7,tblCampaignData[Marketing Channel],$D$6) -> 157144 | F32: =SUMIFS(tblCampaignData[Marketing Spend],tblCampaignData[Campaign Name],$B32,tblCampaignData[Campaign Name],$D$7,tblCampaignData[Marketing Channel],$D$6) -> 1736900 | G32: =SUMIFS(tblCampaignData[Leads],tblCampaignData[Campaign Name],$B32,tblCampaignData[Campaign Name],$D$7,tblCampaignData[Marketing Channel],$D$6) -> 4795 | H32: =SUMIFS(tblCampaignData[Conversions],tblCampaignData[Campaign Name],$B32,tblCampaignData[Campaign Name],$D$7,tblCampaignData[Marketing Channel],$D$6) -> 476 | I32: =SUMIFS(tblCampaignData[Attributed Revenue],tblCampaignData[Campaign Name],$B32,tblCampaignData[Campaign Name],$D$7,tblCampaignData[Marketing Channel],$D$6) -> 1644462 | J32: =IFERROR(E32/D32,0) -> 0.0038257001 | K32: =IFERROR(F32/G32,0) -> 362.23149 | L32: =IFERROR(F32/H32,0) -> 3648.9496 | M32: =IFERROR(I32/F32,0) -> 0.9467799 | N32: =IF(F32>0,SUMPRODUCT(($F$25:$F$33>0)*($M$25:$M$33>M32))+SUMPRODUCT(($F$25:F32>0)*($M$25:M32=M32)),"") -> 9
B33: Festive Display Takeover | C33: =INDEX(tblCampaignData[Marketing Channel],MATCH($B33,tblCampaignData[Campaign Name],0)) -> Display Advertising | D33: =SUMIFS(tblCampaignData[Impressions],tblCampaignData[Campaign Name],$B33,tblCampaignData[Campaign Name],$D$7,tblCampaignData[Marketing Channel],$D$6) -> 19190679 | E33: =SUMIFS(tblCampaignData[Clicks],tblCampaignData[Campaign Name],$B33,tblCampaignData[Campaign Name],$D$7,tblCampaignData[Marketing Channel],$D$6) -> 112332 | F33: =SUMIFS(tblCampaignData[Marketing Spend],tblCampaignData[Campaign Name],$B33,tblCampaignData[Campaign Name],$D$7,tblCampaignData[Marketing Channel],$D$6) -> 1562032 | G33: =SUMIFS(tblCampaignData[Leads],tblCampaignData[Campaign Name],$B33,tblCampaignData[Campaign Name],$D$7,tblCampaignData[Marketing Channel],$D$6) -> 4513 | H33: =SUMIFS(tblCampaignData[Conversions],tblCampaignData[Campaign Name],$B33,tblCampaignData[Campaign Name],$D$7,tblCampaignData[Marketing Channel],$D$6) -> 643 | I33: =SUMIFS(tblCampaignData[Attributed Revenue],tblCampaignData[Campaign Name],$B33,tblCampaignData[Campaign Name],$D$7,tblCampaignData[Marketing Channel],$D$6) -> 2630077 | J33: =IFERROR(E33/D33,0) -> 0.0058534667 | K33: =IFERROR(F33/G33,0) -> 346.11832 | L33: =IFERROR(F33/H33,0) -> 2429.2877 | M33: =IFERROR(I33/F33,0) -> 1.6837536 | N33: =IF(F33>0,SUMPRODUCT(($F$25:$F$33>0)*($M$25:$M$33>M33))+SUMPRODUCT(($F$25:F33>0)*($M$25:M33=M33)),"") -> 7
B35: 5. ROAS ranking (feeds chart 3) | F35: 6. Metric definitions, how to use, check
B36: Rank | C36: Campaign | D36: ROAS | F36: Metric definitions
B37: 1 | C37: =IFERROR(INDEX($B$25:$B$33,MATCH($B37,$N$25:$N$33,0)),"") -> Welcome Series | D37: =IFERROR(INDEX($M$25:$M$33,MATCH($B37,$N$25:$N$33,0)),0) -> 12.301197 | F37: CTR = Clicks / Impressions
B38: 2 | C38: =IFERROR(INDEX($B$25:$B$33,MATCH($B38,$N$25:$N$33,0)),"") -> Win-back Offer | D38: =IFERROR(INDEX($M$25:$M$33,MATCH($B38,$N$25:$N$33,0)),0) -> 9.6956926 | F38: CPL = Marketing Spend / Leads
B39: 3 | C39: =IFERROR(INDEX($B$25:$B$33,MATCH($B39,$N$25:$N$33,0)),"") -> Brand Search | D39: =IFERROR(INDEX($M$25:$M$33,MATCH($B39,$N$25:$N$33,0)),0) -> 7.1816091 | F39: CPA = Marketing Spend / Conversions
B40: 4 | C40: =IFERROR(INDEX($B$25:$B$33,MATCH($B40,$N$25:$N$33,0)),"") -> Cart Retargeting | D40: =IFERROR(INDEX($M$25:$M$33,MATCH($B40,$N$25:$N$33,0)),0) -> 5.2578768 | F40: ROAS = Attributed Revenue / Marketing Spend (revenue earned per Rs 1 spent)
B41: 5 | C41: =IFERROR(INDEX($B$25:$B$33,MATCH($B41,$N$25:$N$33,0)),"") -> Festive Gifting Search | D41: =IFERROR(INDEX($M$25:$M$33,MATCH($B41,$N$25:$N$33,0)),0) -> 4.9952196 | F41: How to use
B42: 6 | C42: =IFERROR(INDEX($B$25:$B$33,MATCH($B42,$N$25:$N$33,0)),"") -> Generic Kitchen Search | D42: =IFERROR(INDEX($M$25:$M$33,MATCH($B42,$N$25:$N$33,0)),0) -> 2.7125468 | F42: 1. Edit or add rows in the Campaign Data table; all totals recalculate.
B43: 7 | C43: =IFERROR(INDEX($B$25:$B$33,MATCH($B43,$N$25:$N$33,0)),"") -> Festive Display Takeover | D43: =IFERROR(INDEX($M$25:$M$33,MATCH($B43,$N$25:$N$33,0)),0) -> 1.6837536 | F43: 2. Pick a Marketing Channel and/or Campaign Name on the Executive Dashboard.
B44: 8 | C44: =IFERROR(INDEX($B$25:$B$33,MATCH($B44,$N$25:$N$33,0)),"") -> Instagram Reels Sale | D44: =IFERROR(INDEX($M$25:$M$33,MATCH($B44,$N$25:$N$33,0)),0) -> 1.5780871 | F44: 3. New channel / campaign names need a new row in tables 3 and 4 (copy a row down).
B45: 9 | C45: =IFERROR(INDEX($B$25:$B$33,MATCH($B45,$N$25:$N$33,0)),"") -> Programmatic Banners | D45: =IFERROR(INDEX($M$25:$M$33,MATCH($B45,$N$25:$N$33,0)),0) -> 0.9467799 | F45: Check: channel and campaign totals equal the selection totals | M45: =IF(AND(ABS(F16-F12)<0.5,ABS(I16-I12)<0.5,H16=H12,ABS(F24-F12)<0.5,ABS(I24-I12)<0.5,H24=H12),"OK","CHECK") -> OK

Sheet Executive Dashboard
B2: Marketing Campaign Performance Dashboard
B3: ="Reporting period: "&TEXT(Analysis!H6,"dd mmm yyyy")&" to "&TEXT(Analysis!H7,"dd mmm yyyy")&" | Kiran Home Living (fictional brand) | Simulated data | Amounts in INR" -> Reporting period: 25 May 2026 to 11 Oct 2026 | Kiran Home Living (fictional brand) | Simulated data | Amounts in INR
B5: Marketing Channel | D5: All | H5: Campaign | I5: All | M5: =IF(AND(D5<>"All",I5<>"All",Analysis!F12=0),"No data: campaign is not in the selected channel","Dropdowns filter every KPI and chart") -> Dropdowns filter every KPI and chart
B7: TOTAL MARKETING SPEND | E7: ATTRIBUTED REVENUE | H7: ROAS | K7: CONVERSIONS | N7: COST PER ACQUISITION
B8: =Analysis!F12 -> 8731979 | E8: =Analysis!I12 -> 27227675 | H8: =Analysis!M12 -> 3.1181563 | K8: =Analysis!H12 -> 7690 | N8: =Analysis!L12 -> 1135.4979
B9: Across selected campaigns | E9: Revenue credited to campaigns | H9: Revenue / Spend | K9: Orders from marketing | N9: Spend / Conversions
B11: Spend vs Revenue by Channel (₹ million) | G11: Conversions by Channel | L11: Campaign ROAS Ranking (Revenue / Spend)
B30: Key Insights (based on the full simulated dataset; static text)
B31: Email is the most efficient channel | G31: Display spends the most, earns the least | L31: Paid Search drives the revenue
B32: Email Marketing returns ₹11.2 of revenue per ₹1 spent (ROAS 11.2x) from only 2.3% of total spend. Its reach is limited, so it complements paid channels rather than replacing them. | G32: Display Advertising takes 37.8% of spend but returns 15.7% of revenue (ROAS 1.3x). Programmatic Banners is the only campaign below 1.0x (0.95x), i.e. revenue lower than spend. | L32: Paid Search generates 53.9% of attributed revenue at 4.6x ROAS. Brand Search (7.2x) and Festive Gifting Search (5.0x) lead; Generic Kitchen Search lags at 2.7x.
B37: Data source: 'Campaign Data' sheet (simulated, fictional). ROAS = Attributed Revenue / Spend. Filters apply to KPI cards and the three charts; insights text is fixed.
